{"cameraMode":{"drawMode":0,"name":"Shaded","section":"Shading Mode"},"sceneLighting":false,"audioPlay":false,"sceneViewState":{"m_AlwaysRefresh":false,"showFog":false,"showSkybox":false,"showFlares":false,"showImageEffects":false,"showParticleSystems":false,"showVisualEffectGraphs":true,"m_FxEnabled":true},"in2DMode":false,"pivot":{"x":0.6631777286529541,"y":0.9999396800994873,"z":-0.2051571011543274},"rotation":{"x":0.17341934144496919,"y":0.013282119296491146,"z":-0.0023615763057023288,"w":0.9848036170005798},"size":1.1687157154083253,"orthographic":false}